 
INSERT IGNORE INTO cosasdeperros.asociacion VALUES 
("11222333A","NUESTRAS MASCOTAS","MADRID"),
("11222444B","LOS MEJORES AMIGOS","COMUNIDAD VALENCIANA"),
("11222555C","AMOS REALIZAMOS","NACIONAL"),
("11222666D","POR LOS ANIMALILLOS","MADRID");

INSERT IGNORE INTO cosasdeperros.propietario VALUES 
("66222333A","JOSÉ GARCÍA GIL","914502020","AVENIDA PRINCIPAL, 3","TOLEDO"),
("66222444B","MERCEDES MARTÍNEZ LINARES","961945050","DON JUAN DE AUSTRIA, 5","MANISES"),
("66222555C","LUCÍA RAMOS RUÍZ","963481010","AVD. DEL PUERTO, 34","VALENCIA"),
("66222666D","MANUEL RODRIGUEZ PÉREZ","915603030","PASEO DEL PRADO, 30","MADRID"),
("66222777E","ESTHER MARÍN PÉREZ","958772020","CALLE DE ENMEDIO","SEVILLA");

INSERT IGNORE INTO cosasdeperros.perro VALUES 
("555222333","66222333A","CANELA","LABRADOR"),
("555222444","66222666D","LOQUILLO","RATONERO"),
("555222555","66222555C","BRUTUS","DÓBERMAN"),
("555222666","66222777E","CUCHI","CANICHE"),
("555222777","66222444B","BRUNO","LABRADOR");

INSERT IGNORE INTO cosasdeperros.escuela VALUES 
("99222333A","ÁGILES","914509090","AVENIDA PRINCIPAL, 3","MADRID","NACIONAL"),
("99222444B","LISTOS Y COQUETOS","961948080","DON JUAN DE AUSTRIA, 5","VALENCIA","INTERNACIONAL"),
("99222555C","GUAU","963482020","AVD. DEL PUERTO, 34","VALENCIA","REGIONAL"),
("99222666D","MUERDE Y SE FELIZ","935603030","PASEO DEL PRADO, 30","BARCELONA","NACIONAL");

INSERT IGNORE INTO cosasdeperros.escuela VALUES 
("99222333A","ÁGILES","914509090","AVENIDA PRINCIPAL, 3","MADRID","NACIONAL"),
("99222444B","LISTOS Y COQUETOS","961948080","DON JUAN DE AUSTRIA, 5","VALENCIA","INTERNACIONAL"),
("99222555C","GUAU","963482020","AVD. DEL PUERTO, 34","VALENCIA","REGIONAL"),
("99222666D","MUERDE Y SE FELIZ","935603030","PASEO DEL PRADO, 30","BARCELONA","NACIONAL");

INSERT IGNORE INTO cosasdeperros.pertenecer VALUES 
("11222333A","66222444B"),
("11222333A","66222333A"),
("11222333A","66222666D"),
("11222555C","66222666D"),
("11222555C","66222555C"),
("11222555C","66222777E");

INSERT IGNORE INTO cosasdeperros.adiestrar VALUES 
("555222333","99222333A"),
("555222444","99222333A"),
("555222555","99222555C"),
("555222666","99222666D"),
("555222777","99222555C");

INSERT IGNORE INTO cosasdeperros.perro VALUES 
("554333111","66222555C","TRASTO","PERRO DE AGUAS"),
("554333222","66222555C","BONI","PASTOR ALEMAN");

INSERT IGNORE INTO cosasdeperros.pertenecer VALUES 
("11222444B","66222555C");

INSERT IGNORE INTO cosasdeperros.pertenecer VALUES 
("554333111","99222555C"),
("554333222","99222555C");